neo4j3,AuthTokenExtensions,Neo4j.Driver.Internal.AuthTokenExtensions,neo4j2,neo4j
neo4j5,Bookmark,Neo4j.Driver.Internal.Bookmark,neo4j2,neo4j
neo4j20,ConcurrentSet,Neo4j.Driver.Internal.ConcurrentSet,neo4j2,neo4j
neo4j26,ConnectionPool,Neo4j.Driver.Internal.ConnectionPool,neo4j2,neo4j
neo4j53,ConnectionPoolStatus,Neo4j.Driver.Internal.ConnectionPoolStatus,neo4j2,neo4j
neo4j71,ConnectionSettings,Neo4j.Driver.Internal.ConnectionSettings,neo4j2,neo4j
neo4j74,IConnectionValidator,Neo4j.Driver.Internal.IConnectionValidator,neo4j2,neo4j
neo4j78,ConnectionValidator,Neo4j.Driver.Internal.ConnectionValidator,neo4j2,neo4j
neo4j88,BaseOutLogger,Neo4j.Driver.Internal.BaseOutLogger,neo4j2,neo4j
neo4j98,Driver,Neo4j.Driver.Internal.Driver,neo4j2,neo4j
neo4j112,EncryptionManager,Neo4j.Driver.Internal.EncryptionManager,neo4j2,neo4j
neo4j114,IConnectionPool,Neo4j.Driver.Internal.IConnectionPool,neo4j2,neo4j
neo4j118,IConnectionProvider,Neo4j.Driver.Internal.IConnectionProvider,neo4j2,neo4j
neo4j123,IConnectionReleaseManager,Neo4j.Driver.Internal.IConnectionReleaseManager,neo4j2,neo4j
neo4j126,IPooledConnection,Neo4j.Driver.Internal.IPooledConnection,neo4j2,neo4j
neo4j131,ITimer,Neo4j.Driver.Internal.ITimer,neo4j2,neo4j
neo4j134,LoggerBase,Neo4j.Driver.Internal.LoggerBase,neo4j2,neo4j
neo4j138,IPooledConnectionFactory,Neo4j.Driver.Internal.IPooledConnectionFactory,neo4j2,neo4j
neo4j140,PooledConnectionFactory,Neo4j.Driver.Internal.PooledConnectionFactory,neo4j2,neo4j
neo4j145,IRetryLogic,Neo4j.Driver.Internal.IRetryLogic,neo4j2,neo4j
neo4j148,ExponentialBackoffRetryLogic,Neo4j.Driver.Internal.ExponentialBackoffRetryLogic,neo4j2,neo4j
neo4j160,Session,Neo4j.Driver.Internal.Session,neo4j2,neo4j
neo4j197,StatementRunner,Neo4j.Driver.Internal.StatementRunner,neo4j2,neo4j
neo4j200,IResultResourceHandler,Neo4j.Driver.Internal.IResultResourceHandler,neo4j2,neo4j
neo4j203,ITransactionResourceHandler,Neo4j.Driver.Internal.ITransactionResourceHandler,neo4j2,neo4j
neo4j206,Transaction,Neo4j.Driver.Internal.Transaction,neo4j2,neo4j
neo4j223,TransactionConnection,Neo4j.Driver.Internal.TransactionConnection,neo4j2,neo4j
neo4j236,DelegatedConnection,Neo4j.Driver.Internal.Connector.DelegatedConnection,neo4j235,neo4j
neo4j255,IConnection,Neo4j.Driver.Internal.Connector.IConnection,neo4j235,neo4j
neo4j271,IHostResolver,Neo4j.Driver.Internal.Connector.IHostResolver,neo4j235,neo4j
neo4j274,ISocketClient,Neo4j.Driver.Internal.Connector.ISocketClient,neo4j235,neo4j
neo4j286,ITcpSocketClient,Neo4j.Driver.Internal.Connector.ITcpSocketClient,neo4j235,neo4j
neo4j291,MessageResponseHandler,Neo4j.Driver.Internal.Connector.MessageResponseHandler,neo4j235,neo4j
neo4j302,PooledConnection,Neo4j.Driver.Internal.Connector.PooledConnection,neo4j235,neo4j
neo4j313,StopwatchBasedTimer,Neo4j.Driver.Internal.Connector.StopwatchBasedTimer,neo4j235,neo4j
neo4j320,SocketClient,Neo4j.Driver.Internal.Connector.SocketClient,neo4j235,neo4j
neo4j344,SocketConnection,Neo4j.Driver.Internal.Connector.SocketConnection,neo4j235,neo4j
neo4j370,TcpSocketClient,Neo4j.Driver.Internal.Connector.TcpSocketClient,neo4j235,neo4j
neo4j388,CachingHostResolver,Neo4j.Driver.Internal.Connector.CachingHostResolver,neo4j235,neo4j
neo4j396,DefaultHostResolver,Neo4j.Driver.Internal.Connector.DefaultHostResolver,neo4j235,neo4j
neo4j402,AddressComparer,Neo4j.Driver.Internal.Connector.AddressComparer,neo4j235,neo4j
neo4j410,SystemHostResolver,Neo4j.Driver.Internal.Connector.SystemHostResolver,neo4j235,neo4j
neo4j413,SystemNetCoreHostResolver,Neo4j.Driver.Internal.Connector.SystemNetCoreHostResolver,neo4j235,neo4j
neo4j421,CertificateTrustManager,Neo4j.Driver.Internal.Connector.Trust.CertificateTrustManager,neo4j420,neo4j
neo4j425,ChainTrustManager,Neo4j.Driver.Internal.Connector.Trust.ChainTrustManager,neo4j420,neo4j
neo4j433,InsecureTrustManager,Neo4j.Driver.Internal.Connector.Trust.InsecureTrustManager,neo4j420,neo4j
neo4j436,PeerTrustManager,Neo4j.Driver.Internal.Connector.Trust.PeerTrustManager,neo4j420,neo4j
neo4j440,ByteExtensions,Neo4j.Driver.Internal.ByteExtensions,neo4j2,neo4j
neo4j444,CollectionExtensions,Neo4j.Driver.Internal.CollectionExtensions,neo4j2,neo4j
neo4j454,ErrorExtensions,Neo4j.Driver.Internal.ErrorExtensions,neo4j2,neo4j
neo4j465,NetworkExtensions,Neo4j.Driver.Internal.NetworkExtensions,neo4j2,neo4j
neo4j470,StreamExtensions,Neo4j.Driver.Internal.StreamExtensions,neo4j2,neo4j
neo4j473,TypeExtensions,Neo4j.Driver.Internal.TypeExtensions,neo4j2,neo4j
neo4j475,CertHelper,Neo4j.Driver.Internal.CertHelper,neo4j2,neo4j
neo4j479,RuntimeHelper,Neo4j.Driver.Internal.RuntimeHelper,neo4j2,neo4j
neo4j484,TaskHelper,Neo4j.Driver.Internal.TaskHelper,neo4j2,neo4j
neo4j487,TemporalHelpers,Neo4j.Driver.Internal.TemporalHelpers,neo4j2,neo4j
neo4j542,ObjectDisposedException,Neo4j.Driver.Internal.ObjectDisposedException,neo4j2,neo4j
neo4j545,ArgumentNullException,Neo4j.Driver.Internal.ArgumentNullException,neo4j2,neo4j
neo4j548,ProtocolException,Neo4j.Driver.Internal.ProtocolException,neo4j2,neo4j
neo4j552,ArgumentOutOfRangeException,Neo4j.Driver.Internal.ArgumentOutOfRangeException,neo4j2,neo4j
neo4j558,BoltReader,Neo4j.Driver.Internal.IO.BoltReader,neo4j557,neo4j
neo4j570,BoltWriter,Neo4j.Driver.Internal.IO.BoltWriter,neo4j557,neo4j
neo4j576,ChunkReader,Neo4j.Driver.Internal.IO.ChunkReader,neo4j557,neo4j
neo4j593,ChunkWriter,Neo4j.Driver.Internal.IO.ChunkWriter,neo4j557,neo4j
neo4j616,Constants,Neo4j.Driver.Internal.IO.Constants,neo4j557,neo4j
neo4j625,IBoltReader,Neo4j.Driver.Internal.IO.IBoltReader,neo4j557,neo4j
neo4j628,IBoltWriter,Neo4j.Driver.Internal.IO.IBoltWriter,neo4j557,neo4j
neo4j632,IChunkReader,Neo4j.Driver.Internal.IO.IChunkReader,neo4j557,neo4j
neo4j635,IChunkWriter,Neo4j.Driver.Internal.IO.IChunkWriter,neo4j557,neo4j
neo4j640,IPackStreamFactory,Neo4j.Driver.Internal.IO.IPackStreamFactory,neo4j557,neo4j
neo4j643,IPackStreamReader,Neo4j.Driver.Internal.IO.IPackStreamReader,neo4j557,neo4j
neo4j658,IPackStreamStructHandler,Neo4j.Driver.Internal.IO.IPackStreamStructHandler,neo4j557,neo4j
neo4j661,IPackStreamWriter,Neo4j.Driver.Internal.IO.IPackStreamWriter,neo4j557,neo4j
neo4j667,PackStream,Neo4j.Driver.Internal.IO.PackStream,neo4j557,neo4j
neo4j743,PackStreamBitConverter,Neo4j.Driver.Internal.IO.PackStreamBitConverter,neo4j557,neo4j
neo4j753,PackStreamFactory,Neo4j.Driver.Internal.IO.PackStreamFactory,neo4j557,neo4j
neo4j760,PackStreamReader,Neo4j.Driver.Internal.IO.PackStreamReader,neo4j557,neo4j
neo4j798,PackStreamReaderBytesIncompatible,Neo4j.Driver.Internal.IO.PackStreamReaderBytesIncompatible,neo4j557,neo4j
neo4j800,PackStreamWriter,Neo4j.Driver.Internal.IO.PackStreamWriter,neo4j557,neo4j
neo4j812,PackStreamWriterBytesIncompatible,Neo4j.Driver.Internal.IO.PackStreamWriterBytesIncompatible,neo4j557,neo4j
neo4j815,AckFailureMessageHandler,Neo4j.Driver.Internal.IO.StructHandlers.AckFailureMessageHandler,neo4j814,neo4j
neo4j817,DiscardAllMessageHandler,Neo4j.Driver.Internal.IO.StructHandlers.DiscardAllMessageHandler,neo4j814,neo4j
neo4j819,FailureMessageHandler,Neo4j.Driver.Internal.IO.StructHandlers.FailureMessageHandler,neo4j814,neo4j
neo4j821,IgnoredMessageHandler,Neo4j.Driver.Internal.IO.StructHandlers.IgnoredMessageHandler,neo4j814,neo4j
neo4j823,InitMessageHandler,Neo4j.Driver.Internal.IO.StructHandlers.InitMessageHandler,neo4j814,neo4j
neo4j825,NodeHandler,Neo4j.Driver.Internal.IO.StructHandlers.NodeHandler,neo4j814,neo4j
neo4j827,PathHandler,Neo4j.Driver.Internal.IO.StructHandlers.PathHandler,neo4j814,neo4j
neo4j829,PointHandler,Neo4j.Driver.Internal.IO.StructHandlers.PointHandler,neo4j814,neo4j
neo4j836,PullAllMessageHandler,Neo4j.Driver.Internal.IO.StructHandlers.PullAllMessageHandler,neo4j814,neo4j
neo4j838,ReadOnlyStructHandler,Neo4j.Driver.Internal.IO.StructHandlers.ReadOnlyStructHandler,neo4j814,neo4j
neo4j841,RecordMessageHandler,Neo4j.Driver.Internal.IO.StructHandlers.RecordMessageHandler,neo4j814,neo4j
neo4j843,RelationshipHandler,Neo4j.Driver.Internal.IO.StructHandlers.RelationshipHandler,neo4j814,neo4j
neo4j845,ResetMessageHandler,Neo4j.Driver.Internal.IO.StructHandlers.ResetMessageHandler,neo4j814,neo4j
neo4j847,RunMessageHandler,Neo4j.Driver.Internal.IO.StructHandlers.RunMessageHandler,neo4j814,neo4j
neo4j849,SuccessMessageHandler,Neo4j.Driver.Internal.IO.StructHandlers.SuccessMessageHandler,neo4j814,neo4j
neo4j851,UnboundRelationshipHandler,Neo4j.Driver.Internal.IO.StructHandlers.UnboundRelationshipHandler,neo4j814,neo4j
neo4j853,WriteOnlyStructHandler,Neo4j.Driver.Internal.IO.StructHandlers.WriteOnlyStructHandler,neo4j814,neo4j
neo4j856,DurationHandler,Neo4j.Driver.Internal.IO.StructHandlers.DurationHandler,neo4j814,neo4j
neo4j861,LocalDateHandler,Neo4j.Driver.Internal.IO.StructHandlers.LocalDateHandler,neo4j814,neo4j
neo4j866,LocalDateTimeHandler,Neo4j.Driver.Internal.IO.StructHandlers.LocalDateTimeHandler,neo4j814,neo4j
neo4j871,LocalTimeHandler,Neo4j.Driver.Internal.IO.StructHandlers.LocalTimeHandler,neo4j814,neo4j
neo4j876,OffsetTimeHandler,Neo4j.Driver.Internal.IO.StructHandlers.OffsetTimeHandler,neo4j814,neo4j
neo4j881,SystemDateTimeHandler,Neo4j.Driver.Internal.IO.StructHandlers.SystemDateTimeHandler,neo4j814,neo4j
neo4j883,SystemDateTimeOffsetHandler,Neo4j.Driver.Internal.IO.StructHandlers.SystemDateTimeOffsetHandler,neo4j814,neo4j
neo4j885,SystemTimeSpanHandler,Neo4j.Driver.Internal.IO.StructHandlers.SystemTimeSpanHandler,neo4j814,neo4j
neo4j887,ZonedDateTimeHandler,Neo4j.Driver.Internal.IO.StructHandlers.ZonedDateTimeHandler,neo4j814,neo4j
neo4j894,AckFailureMessage,Neo4j.Driver.Internal.Messaging.AckFailureMessage,neo4j893,neo4j
neo4j896,DiscardAllMessage,Neo4j.Driver.Internal.Messaging.DiscardAllMessage,neo4j893,neo4j
neo4j898,FailureMessage,Neo4j.Driver.Internal.Messaging.FailureMessage,neo4j893,neo4j
neo4j901,IgnoredMessage,Neo4j.Driver.Internal.Messaging.IgnoredMessage,neo4j893,neo4j
neo4j904,IResponseMessage,Neo4j.Driver.Internal.Messaging.IResponseMessage,neo4j893,neo4j
neo4j906,IMessageResponseHandler,Neo4j.Driver.Internal.Messaging.IMessageResponseHandler,neo4j893,neo4j
neo4j912,InitMessage,Neo4j.Driver.Internal.Messaging.InitMessage,neo4j893,neo4j
neo4j914,PullAllMessage,Neo4j.Driver.Internal.Messaging.PullAllMessage,neo4j893,neo4j
neo4j916,RecordMessage,Neo4j.Driver.Internal.Messaging.RecordMessage,neo4j893,neo4j
neo4j919,ResetMessage,Neo4j.Driver.Internal.Messaging.ResetMessage,neo4j893,neo4j
neo4j921,RunMessage,Neo4j.Driver.Internal.Messaging.RunMessage,neo4j893,neo4j
neo4j923,SuccessMessage,Neo4j.Driver.Internal.Messaging.SuccessMessage,neo4j893,neo4j
neo4j927,IConnectionListener,Neo4j.Driver.Internal.Metrics.IConnectionListener,neo4j926,neo4j
neo4j932,IListenerEvent,Neo4j.Driver.Internal.Metrics.IListenerEvent,neo4j926,neo4j
neo4j935,SimpleTimerEvent,Neo4j.Driver.Internal.Metrics.SimpleTimerEvent,neo4j926,neo4j
neo4j939,IConnectionPoolListener,Neo4j.Driver.Internal.Metrics.IConnectionPoolListener,neo4j926,neo4j
neo4j949,IMetricsFactory,Neo4j.Driver.Internal.Metrics.IMetricsFactory,neo4j926,neo4j
neo4j951,IMetrics,Neo4j.Driver.Internal.Metrics.IMetrics,neo4j926,neo4j
neo4j954,IHistogram,Neo4j.Driver.Internal.Metrics.IHistogram,neo4j926,neo4j
neo4j958,BoltProtocolFactory,Neo4j.Driver.Internal.Protocol.BoltProtocolFactory,neo4j957,neo4j
neo4j969,ProtocolVersion,Neo4j.Driver.Internal.Protocol.ProtocolVersion,neo4j957,neo4j
neo4j974,BoltProtocolPackStream,Neo4j.Driver.Internal.Protocol.BoltProtocolPackStream,neo4j957,neo4j
neo4j978,BoltProtocolV1,Neo4j.Driver.Internal.Protocol.BoltProtocolV1,neo4j957,neo4j
neo4j984,BoltProtocolV2,Neo4j.Driver.Internal.Protocol.BoltProtocolV2,neo4j957,neo4j
neo4j989,IBoltProtocol,Neo4j.Driver.Internal.Protocol.IBoltProtocol,neo4j957,neo4j
neo4j992,IMessageResponseCollector,Neo4j.Driver.Internal.Result.IMessageResponseCollector,neo4j991,neo4j
neo4j1000,BookmarkCollector,Neo4j.Driver.Internal.Result.BookmarkCollector,neo4j991,neo4j
neo4j1002,ResetCollector,Neo4j.Driver.Internal.Result.ResetCollector,neo4j991,neo4j
neo4j1004,InitCollector,Neo4j.Driver.Internal.Result.InitCollector,neo4j991,neo4j
neo4j1006,NoOperationCollector,Neo4j.Driver.Internal.Result.NoOperationCollector,neo4j991,neo4j
neo4j1016,IRecordSet,Neo4j.Driver.Internal.Result.IRecordSet,neo4j991,neo4j
neo4j1019,RecordSet,Neo4j.Driver.Internal.Result.RecordSet,neo4j991,neo4j
neo4j1025,ResultBuilder,Neo4j.Driver.Internal.Result.ResultBuilder,neo4j991,neo4j
neo4j1037,ResultBuilderBase,Neo4j.Driver.Internal.Result.ResultBuilderBase,neo4j991,neo4j
neo4j1048,ResultCursorBuilder,Neo4j.Driver.Internal.Result.ResultCursorBuilder,neo4j991,neo4j
neo4j1060,StatementResult,Neo4j.Driver.Internal.Result.StatementResult,neo4j991,neo4j
neo4j1068,StatementResultCursor,Neo4j.Driver.Internal.Result.StatementResultCursor,neo4j991,neo4j
neo4j1080,SummaryBuilder,Neo4j.Driver.Internal.Result.SummaryBuilder,neo4j991,neo4j
neo4j1082,ResultSummary,Neo4j.Driver.Internal.Result.ResultSummary,neo4j991,neo4j
neo4j1084,ServerInfo,Neo4j.Driver.Internal.Result.ServerInfo,neo4j991,neo4j
neo4j1086,Plan,Neo4j.Driver.Internal.Result.Plan,neo4j991,neo4j
neo4j1088,ProfiledPlan,Neo4j.Driver.Internal.Result.ProfiledPlan,neo4j991,neo4j
neo4j1090,Counters,Neo4j.Driver.Internal.Result.Counters,neo4j991,neo4j
neo4j1093,Notification,Neo4j.Driver.Internal.Result.Notification,neo4j991,neo4j
neo4j1095,InputPosition,Neo4j.Driver.Internal.Result.InputPosition,neo4j991,neo4j
neo4j1097,SummaryCollector,Neo4j.Driver.Internal.Result.SummaryCollector,neo4j991,neo4j
neo4j1112,AddressSet,Neo4j.Driver.Internal.Routing.AddressSet,neo4j1111,neo4j
neo4j1120,ClusterConnection,Neo4j.Driver.Internal.Routing.ClusterConnection,neo4j1111,neo4j
neo4j1127,ClusterConnectionPool,Neo4j.Driver.Internal.Routing.ClusterConnectionPool,neo4j1111,neo4j
neo4j1149,ClusterDiscoveryManager,Neo4j.Driver.Internal.Routing.ClusterDiscoveryManager,neo4j1111,neo4j
neo4j1155,SingleConnectionBasedConnectionProvider,Neo4j.Driver.Internal.Routing.SingleConnectionBasedConnectionProvider,neo4j1111,neo4j
neo4j1167,IConnectionPoolFactory,Neo4j.Driver.Internal.Routing.IConnectionPoolFactory,neo4j1111,neo4j
neo4j1169,ConnectionPoolFactory,Neo4j.Driver.Internal.Routing.ConnectionPoolFactory,neo4j1111,neo4j
neo4j1174,IAddressSet,Neo4j.Driver.Internal.Routing.IAddressSet,neo4j1111,neo4j
neo4j1178,IClusterConnectionPool,Neo4j.Driver.Internal.Routing.IClusterConnectionPool,neo4j1111,neo4j
neo4j1190,IClusterConnectionPoolManager,Neo4j.Driver.Internal.Routing.IClusterConnectionPoolManager,neo4j1111,neo4j
neo4j1197,IClusterErrorHandler,Neo4j.Driver.Internal.Routing.IClusterErrorHandler,neo4j1111,neo4j
neo4j1201,ILoadBalancingStrategy,Neo4j.Driver.Internal.Routing.ILoadBalancingStrategy,neo4j1111,neo4j
neo4j1204,IRoutingTable,Neo4j.Driver.Internal.Routing.IRoutingTable,neo4j1111,neo4j
neo4j1211,IRoutingTableManager,Neo4j.Driver.Internal.Routing.IRoutingTableManager,neo4j1111,neo4j
neo4j1214,LeastConnectedLoadBalancingStrategy,Neo4j.Driver.Internal.Routing.LeastConnectedLoadBalancingStrategy,neo4j1111,neo4j
neo4j1222,LoadBalancer,Neo4j.Driver.Internal.Routing.LoadBalancer,neo4j1111,neo4j
neo4j1247,RoundRobinArrayIndex,Neo4j.Driver.Internal.Routing.RoundRobinArrayIndex,neo4j1111,neo4j
neo4j1251,RoundRobinLoadBalancingStrategy,Neo4j.Driver.Internal.Routing.RoundRobinLoadBalancingStrategy,neo4j1111,neo4j
neo4j1258,RoutingTable,Neo4j.Driver.Internal.Routing.RoutingTable,neo4j1111,neo4j
neo4j1272,RoutingTableManager,Neo4j.Driver.Internal.Routing.RoutingTableManager,neo4j1111,neo4j
neo4j1294,ServerVersion,Neo4j.Driver.Internal.Routing.ServerVersion,neo4j1111,neo4j
neo4j1307,TimeZoneMapping,Neo4j.Driver.Internal.Temporal.TimeZoneMapping,neo4j1306,neo4j
neo4j1312,MappingEqualityComparer,Neo4j.Driver.Internal.Temporal.MappingEqualityComparer,neo4j1306,neo4j
neo4j1319,Node,Neo4j.Driver.Internal.Types.Node,neo4j1318,neo4j
neo4j1322,Path,Neo4j.Driver.Internal.Types.Path,neo4j1318,neo4j
neo4j1326,Relationship,Neo4j.Driver.Internal.Types.Relationship,neo4j1318,neo4j
neo4j1330,Segment,Neo4j.Driver.Internal.Types.Segment,neo4j1318,neo4j
neo4j1334,ConfigBuilder,Neo4j.Driver.V1.ConfigBuilder,neo4j1333,neo4j
neo4j1355,IConfigBuilder,Neo4j.Driver.V1.IConfigBuilder,neo4j1333,neo4j
neo4j1376,Config,Neo4j.Driver.V1.Config,neo4j1333,neo4j
neo4j1383,GraphDatabase,Neo4j.Driver.V1.GraphDatabase,neo4j1333,neo4j
neo4j1388,AuthTokens,Neo4j.Driver.V1.AuthTokens,neo4j1333,neo4j
neo4j1392,IDriver,Neo4j.Driver.V1.IDriver,neo4j1333,neo4j
neo4j1396,ILogger,Neo4j.Driver.V1.ILogger,neo4j1333,neo4j
neo4j1401,ISession,Neo4j.Driver.V1.ISession,neo4j1333,neo4j
neo4j1409,IStatementRunner,Neo4j.Driver.V1.IStatementRunner,neo4j1333,neo4j
neo4j1412,ITransaction,Neo4j.Driver.V1.ITransaction,neo4j1333,neo4j
neo4j1417,IStatementResult,Neo4j.Driver.V1.IStatementResult,neo4j1333,neo4j
neo4j1420,IStatementResultCursor,Neo4j.Driver.V1.IStatementResultCursor,neo4j1333,neo4j
neo4j1425,ProtocolException,Neo4j.Driver.V1.ProtocolException,neo4j1333,neo4j
neo4j1427,AuthenticationException,Neo4j.Driver.V1.AuthenticationException,neo4j1333,neo4j
neo4j1432,Statement,Neo4j.Driver.V1.Statement,neo4j1333,neo4j
neo4j1434,StatementResultCursorExtensions,Neo4j.Driver.V1.StatementResultCursorExtensions,neo4j1333,neo4j
neo4j1438,TrustManager,Neo4j.Driver.V1.TrustManager,neo4j1333,neo4j
neo4j1444,ValueExtensions,Neo4j.Driver.V1.ValueExtensions,neo4j1333,neo4j
neo4j1454,Duration,Neo4j.Driver.V1.Duration,neo4j1333,neo4j
neo4j1460,LocalDate,Neo4j.Driver.V1.LocalDate,neo4j1333,neo4j
neo4j1468,LocalDateTime,Neo4j.Driver.V1.LocalDateTime,neo4j1333,neo4j
neo4j1476,LocalTime,Neo4j.Driver.V1.LocalTime,neo4j1333,neo4j
neo4j1485,OffsetTime,Neo4j.Driver.V1.OffsetTime,neo4j1333,neo4j
neo4j1491,Point,Neo4j.Driver.V1.Point,neo4j1333,neo4j
neo4j1497,TemporalValue,Neo4j.Driver.V1.TemporalValue,neo4j1333,neo4j
neo4j1518,TemporalValueComparer,Neo4j.Driver.V1.TemporalValueComparer,neo4j1333,neo4j
neo4j1520,Zone,Neo4j.Driver.V1.Zone,neo4j1333,neo4j
neo4j1523,ZonedDateTime,Neo4j.Driver.V1.ZonedDateTime,neo4j1333,neo4j
neo4j1531,ZoneId,Neo4j.Driver.V1.ZoneId,neo4j1333,neo4j
neo4j1536,ZoneOffset,Neo4j.Driver.V1.ZoneOffset,neo4j1333,neo4j
neo4j1542,BoltStubServerTests,Neo4j.Driver.IntegrationTests.BoltStubServerTests,neo4j1541,neo4j
neo4j1547,AutocommitTransactionExample,Neo4j.Driver.Examples.AutocommitTransactionExample,neo4j1546,neo4j
neo4j1550,BasicAuthExample,Neo4j.Driver.Examples.BasicAuthExample,neo4j1546,neo4j
neo4j1553,ConfigConnectionPoolExample,Neo4j.Driver.Examples.ConfigConnectionPoolExample,neo4j1546,neo4j
neo4j1556,ConfigLoadBalancingStrategyExample,Neo4j.Driver.Examples.ConfigLoadBalancingStrategyExample,neo4j1546,neo4j
neo4j1559,ConfigConnectionTimeoutExample,Neo4j.Driver.Examples.ConfigConnectionTimeoutExample,neo4j1546,neo4j
neo4j1562,ConfigMaxRetryTimeExample,Neo4j.Driver.Examples.ConfigMaxRetryTimeExample,neo4j1546,neo4j
neo4j1565,ConfigTrustExample,Neo4j.Driver.Examples.ConfigTrustExample,neo4j1546,neo4j
neo4j1568,ConfigUnencryptedExample,Neo4j.Driver.Examples.ConfigUnencryptedExample,neo4j1546,neo4j
neo4j1571,CustomAuthExample,Neo4j.Driver.Examples.CustomAuthExample,neo4j1546,neo4j
neo4j1574,KerberosAuthExample,Neo4j.Driver.Examples.KerberosAuthExample,neo4j1546,neo4j
neo4j1577,CypherErrorExample,Neo4j.Driver.Examples.CypherErrorExample,neo4j1546,neo4j
neo4j1581,DriverLifecycleExample,Neo4j.Driver.Examples.DriverLifecycleExample,neo4j1546,neo4j
neo4j1583,DriverLifecycleExampleTest,Neo4j.Driver.Examples.DriverLifecycleExampleTest,neo4j1546,neo4j
neo4j1585,HelloWorldExampleTest,Neo4j.Driver.Examples.HelloWorldExampleTest,neo4j1546,neo4j
neo4j1587,HelloWorldExample,Neo4j.Driver.Examples.HelloWorldExample,neo4j1546,neo4j
neo4j1591,ReadWriteTransactionExample,Neo4j.Driver.Examples.ReadWriteTransactionExample,neo4j1546,neo4j
neo4j1596,ResultConsumeExample,Neo4j.Driver.Examples.ResultConsumeExample,neo4j1546,neo4j
neo4j1599,ResultRetainExample,Neo4j.Driver.Examples.ResultRetainExample,neo4j1546,neo4j
neo4j1602,ServiceUnavailableExample,Neo4j.Driver.Examples.ServiceUnavailableExample,neo4j1546,neo4j
neo4j1606,SessionExample,Neo4j.Driver.Examples.SessionExample,neo4j1546,neo4j
neo4j1609,TransactionFunctionExample,Neo4j.Driver.Examples.TransactionFunctionExample,neo4j1546,neo4j
neo4j1612,PassBookmarksExample,Neo4j.Driver.Examples.PassBookmarksExample,neo4j1546,neo4j
neo4j1620,BaseExample,Neo4j.Driver.Examples.BaseExample,neo4j1546,neo4j
neo4j1626,ValueExtensions,Neo4j.Driver.Examples.ValueExtensions,neo4j1546,neo4j
neo4j1628,Examples,Neo4j.Driver.Examples.Examples,neo4j1546,neo4j
neo4j1638,AsyncSectionExamples,Neo4j.Driver.ExamplesAsync.AsyncSectionExamples,neo4j1637,neo4j
neo4j1645,AutocommitTransactionExample,Neo4j.Driver.ExamplesAsync.AutocommitTransactionExample,neo4j1637,neo4j
neo4j1648,BasicAuthExample,Neo4j.Driver.ExamplesAsync.BasicAuthExample,neo4j1637,neo4j
neo4j1651,ConfigConnectionTimeoutExample,Neo4j.Driver.ExamplesAsync.ConfigConnectionTimeoutExample,neo4j1637,neo4j
neo4j1654,ConfigMaxRetryTimeExample,Neo4j.Driver.ExamplesAsync.ConfigMaxRetryTimeExample,neo4j1637,neo4j
neo4j1657,ConfigTrustExample,Neo4j.Driver.ExamplesAsync.ConfigTrustExample,neo4j1637,neo4j
neo4j1660,ConfigUnencryptedExample,Neo4j.Driver.ExamplesAsync.ConfigUnencryptedExample,neo4j1637,neo4j
neo4j1663,CustomAuthExample,Neo4j.Driver.ExamplesAsync.CustomAuthExample,neo4j1637,neo4j
neo4j1666,CypherErrorExample,Neo4j.Driver.ExamplesAsync.CypherErrorExample,neo4j1637,neo4j
neo4j1670,DriverLifecycleExample,Neo4j.Driver.ExamplesAsync.DriverLifecycleExample,neo4j1637,neo4j
neo4j1672,DriverLifecycleExampleTest,Neo4j.Driver.ExamplesAsync.DriverLifecycleExampleTest,neo4j1637,neo4j
neo4j1674,HelloWorldExampleTest,Neo4j.Driver.ExamplesAsync.HelloWorldExampleTest,neo4j1637,neo4j
neo4j1676,HelloWorldExample,Neo4j.Driver.ExamplesAsync.HelloWorldExample,neo4j1637,neo4j
neo4j1679,ReadWriteTransactionExample,Neo4j.Driver.ExamplesAsync.ReadWriteTransactionExample,neo4j1637,neo4j
neo4j1684,ResultConsumeExample,Neo4j.Driver.ExamplesAsync.ResultConsumeExample,neo4j1637,neo4j
neo4j1687,ResultRetainExample,Neo4j.Driver.ExamplesAsync.ResultRetainExample,neo4j1637,neo4j
neo4j1690,ServiceUnavailableExample,Neo4j.Driver.ExamplesAsync.ServiceUnavailableExample,neo4j1637,neo4j
neo4j1694,SessionExample,Neo4j.Driver.ExamplesAsync.SessionExample,neo4j1637,neo4j
neo4j1697,TransactionFunctionExample,Neo4j.Driver.ExamplesAsync.TransactionFunctionExample,neo4j1637,neo4j
neo4j1700,BaseAsyncExample,Neo4j.Driver.ExamplesAsync.BaseAsyncExample,neo4j1637,neo4j
neo4j1705,ValueExtensions,Neo4j.Driver.ExamplesAsync.ValueExtensions,neo4j1637,neo4j
neo4j1707,ExamplesAsync,Neo4j.Driver.ExamplesAsync.ExamplesAsync,neo4j1637,neo4j
neo4j1716,AuthenticationIT,Neo4j.Driver.IntegrationTests.AuthenticationIT,neo4j1541,neo4j
neo4j1721,BookmarkIT,Neo4j.Driver.IntegrationTests.BookmarkIT,neo4j1541,neo4j
neo4j1733,CypherParametersIT,Neo4j.Driver.IntegrationTests.DirectDriver.CypherParametersIT,neo4j1732,neo4j
neo4j1744,DirectDriverTestBase,Neo4j.Driver.IntegrationTests.DirectDriverTestBase,neo4j1541,neo4j
neo4j1746,DriverIT,Neo4j.Driver.IntegrationTests.DriverIT,neo4j1541,neo4j
neo4j1756,ResultIT,Neo4j.Driver.IntegrationTests.ResultIT,neo4j1541,neo4j
neo4j1764,SessionIT,Neo4j.Driver.IntegrationTests.SessionIT,neo4j1541,neo4j
neo4j1784,TransactionIT,Neo4j.Driver.IntegrationTests.TransactionIT,neo4j1541,neo4j
neo4j1799,BoltkitHelper,Neo4j.Driver.IntegrationTests.Internals.BoltkitHelper,neo4j1798,neo4j
neo4j1814,BoltStubServer,Neo4j.Driver.IntegrationTests.Internals.BoltStubServer,neo4j1798,neo4j
neo4j1824,IInstaller,Neo4j.Driver.IntegrationTests.Internals.IInstaller,neo4j1798,neo4j
neo4j1829,StandAloneIntegrationTestFixture,Neo4j.Driver.IntegrationTests.StandAloneIntegrationTestFixture,neo4j1541,neo4j
neo4j1831,CausalClusterIntegrationTestFixture,Neo4j.Driver.IntegrationTests.CausalClusterIntegrationTestFixture,neo4j1541,neo4j
neo4j1833,SAIntegrationCollection,Neo4j.Driver.IntegrationTests.SAIntegrationCollection,neo4j1541,neo4j
neo4j1835,CCIntegrationCollection,Neo4j.Driver.IntegrationTests.CCIntegrationCollection,neo4j1541,neo4j
neo4j1837,IShellCommandRunner,Neo4j.Driver.IntegrationTests.Internals.IShellCommandRunner,neo4j1798,neo4j
neo4j1842,ShellCommandRunner,Neo4j.Driver.IntegrationTests.Internals.ShellCommandRunner,neo4j1798,neo4j
neo4j1848,ShellCommandRunnerFactory,Neo4j.Driver.IntegrationTests.Internals.ShellCommandRunnerFactory,neo4j1798,neo4j
neo4j1850,ProcessBasedCommandRunner,Neo4j.Driver.IntegrationTests.Internals.ProcessBasedCommandRunner,neo4j1798,neo4j
neo4j1861,RunCommandMethod,Neo4j.Driver.IntegrationTests.Internals.RunCommandMethod,neo4j1798,neo4j
neo4j1863,CausalCluster,Neo4j.Driver.IntegrationTests.Internals.CausalCluster,neo4j1798,neo4j
neo4j1869,ExternalBoltkitClusterInstaller,Neo4j.Driver.IntegrationTests.Internals.ExternalBoltkitClusterInstaller,neo4j1798,neo4j
neo4j1879,SingleInstance,Neo4j.Driver.IntegrationTests.Internals.SingleInstance,neo4j1798,neo4j
neo4j1883,ExternalBoltkitInstaller,Neo4j.Driver.IntegrationTests.Internals.ExternalBoltkitInstaller,neo4j1798,neo4j
neo4j1896,Neo4jSettingsHelper,Neo4j.Driver.IntegrationTests.Internals.Neo4jSettingsHelper,neo4j1798,neo4j
neo4j1902,StandAlone,Neo4j.Driver.IntegrationTests.Internals.StandAlone,neo4j1798,neo4j
neo4j1911,RoutingDriverAsyncIT,Neo4j.Driver.IntegrationTests.RoutingDriverAsyncIT,neo4j1541,neo4j
neo4j1918,RoutingDriverIT,Neo4j.Driver.IntegrationTests.RoutingDriverIT,neo4j1541,neo4j
neo4j1926,RoutingDriverStressIT,Neo4j.Driver.IntegrationTests.RoutingDriverStressIT,neo4j1541,neo4j
neo4j1934,MonitoredPooledConnectionFactory,Neo4j.Driver.IntegrationTests.MonitoredPooledConnectionFactory,neo4j1541,neo4j
neo4j1944,RoutingDriverTestBase,Neo4j.Driver.IntegrationTests.RoutingDriverTestBase,neo4j1541,neo4j
neo4j1946,SoakRunWorkItem,Neo4j.Driver.IntegrationTests.SoakRunWorkItem,neo4j1541,neo4j
neo4j1958,PointsIT,Neo4j.Driver.IntegrationTests.Types.PointsIT,neo4j1957,neo4j
neo4j1974,TemporalTypesIT,Neo4j.Driver.IntegrationTests.Types.TemporalTypesIT,neo4j1957,neo4j
neo4j2045,ConnectionMetrics,Neo4j.Driver.Internal.Metrics.ConnectionMetrics,neo4j926,neo4j
neo4j2053,ConnectionPoolMetrics,Neo4j.Driver.Internal.Metrics.ConnectionPoolMetrics,neo4j926,neo4j
neo4j2075,DefaultMetrics,Neo4j.Driver.Internal.Metrics.DefaultMetrics,neo4j926,neo4j
neo4j2081,DefaultMetricsFactory,Neo4j.Driver.Internal.Metrics.DefaultMetricsFactory,neo4j926,neo4j
neo4j2083,Histogram,Neo4j.Driver.Internal.Metrics.Histogram,neo4j926,neo4j
neo4j2091,HistogramSnapshot,Neo4j.Driver.Internal.Metrics.HistogramSnapshot,neo4j926,neo4j
neo4j2102,DriverChunkingAndDe_ChunkingTestFeature,Neo4j.Driver.Tck.Tests.TCK.DriverChunkingAndDe_ChunkingTestFeature,neo4j2101,neo4j
neo4j2114,FixtureData,Neo4j.Driver.Tck.Tests.TCK.FixtureData,neo4j2101,neo4j
neo4j2117,DriverChunkingAndDeChunkingTestSteps,Neo4j.Driver.Tck.Tests.TCK.DriverChunkingAndDeChunkingTestSteps,neo4j2101,neo4j
neo4j2121,CypherRecordParser,Neo4j.Driver.Tck.Tests.TCK.CypherRecordParser,neo4j2101,neo4j
neo4j2153,ParseBaseMethod,Neo4j.Driver.Tck.Tests.TCK.ParseBaseMethod,neo4j2101,neo4j
neo4j2159,ParseMapMethod,Neo4j.Driver.Tck.Tests.TCK.ParseMapMethod,neo4j2101,neo4j
neo4j2163,ParseNode,Neo4j.Driver.Tck.Tests.TCK.ParseNode,neo4j2101,neo4j
neo4j2167,ParseRelationshipMethod,Neo4j.Driver.Tck.Tests.TCK.ParseRelationshipMethod,neo4j2101,neo4j
neo4j2170,ParsePathMethod,Neo4j.Driver.Tck.Tests.TCK.ParsePathMethod,neo4j2101,neo4j
neo4j2173,ParseListMethod,Neo4j.Driver.Tck.Tests.TCK.ParseListMethod,neo4j2101,neo4j
neo4j2176,CypherRecordParserTests,Neo4j.Driver.Tck.Tests.TCK.CypherRecordParserTests,neo4j2101,neo4j
neo4j2178,AuthenticationForDriversFeature,Neo4j.Driver.Tck.Tests.TCK.AuthenticationForDriversFeature,neo4j2101,neo4j
neo4j2190,DriverAuthSteps,Neo4j.Driver.Tck.Tests.TCK.DriverAuthSteps,neo4j2101,neo4j
neo4j2196,DriverEqualsFeatureFeature,Neo4j.Driver.Tck.Tests.TCK.DriverEqualsFeatureFeature,neo4j2101,neo4j
neo4j2212,DriverEqualsFeatureSteps,Neo4j.Driver.Tck.Tests.TCK.DriverEqualsFeatureSteps,neo4j2101,neo4j
neo4j2218,TestsTheUniformAPIOfTheDriverFeature,Neo4j.Driver.Tck.Tests.TCK.TestsTheUniformAPIOfTheDriverFeature,neo4j2101,neo4j
neo4j2245,DriverResultApiSteps,Neo4j.Driver.Tck.Tests.DriverResultApiSteps,neo4j2100,neo4j
neo4j2265,StatementResultNavigationFeature,Neo4j.Driver.Tck.Tests.TCK.StatementResultNavigationFeature,neo4j2101,neo4j
neo4j2292,DriverStatementResultNavigationSteps,Neo4j.Driver.Tck.Tests.TCK.DriverStatementResultNavigationSteps,neo4j2101,neo4j
neo4j2310,ErrorReportingFeature,Neo4j.Driver.Tck.Tests.TCK.ErrorReportingFeature,neo4j2101,neo4j
neo4j2327,ErrorReportingSteps,Neo4j.Driver.Tck.Tests.TCK.ErrorReportingSteps,neo4j2101,neo4j
neo4j2336,MatchAcceptanceTestFeature,Neo4j.Driver.Tck.Tests.TCK.MatchAcceptanceTestFeature,neo4j2101,neo4j
neo4j2380,MatchAcceptanceTestSteps,Neo4j.Driver.Tck.Tests.TCK.MatchAcceptanceTestSteps,neo4j2101,neo4j
neo4j2391,TckHooks,Neo4j.Driver.Tck.Tests.TCK.TckHooks,neo4j2101,neo4j
neo4j2400,TckTraceListener,Neo4j.Driver.Tck.Tests.TCK.TckTraceListener,neo4j2101,neo4j
neo4j2404,TckUtil,Neo4j.Driver.Tck.Tests.TCK.TckUtil,neo4j2101,neo4j
neo4j2411,DriverTypesTestEchoingSingleParameterFeature,Neo4j.Driver.Tck.Tests.TCK.DriverTypesTestEchoingSingleParameterFeature,neo4j2101,neo4j
neo4j2426,DriverTypesTestEchoingSingleParameterSteps,Neo4j.Driver.Tck.Tests.TCK.DriverTypesTestEchoingSingleParameterSteps,neo4j2101,neo4j
neo4j2449,BasicAuthToken,Neo4j.Driver.Tests.BasicAuthToken,neo4j2448,neo4j
neo4j2452,KerberosAuthToken,Neo4j.Driver.Tests.KerberosAuthToken,neo4j2448,neo4j
neo4j2454,CustomAuthToken,Neo4j.Driver.Tests.CustomAuthToken,neo4j2448,neo4j
neo4j2457,ConstructorMethod,Neo4j.Driver.Tests.ConstructorMethod,neo4j2448,neo4j
neo4j2460,DefaultConfigTests,Neo4j.Driver.Tests.DefaultConfigTests,neo4j2448,neo4j
neo4j2464,ConfigBuilderTests,Neo4j.Driver.Tests.ConfigBuilderTests,neo4j2448,neo4j
neo4j2473,AcquireMethod,Neo4j.Driver.Tests.AcquireMethod,neo4j2448,neo4j
neo4j2493,ReleaseMethod,Neo4j.Driver.Tests.ReleaseMethod,neo4j2448,neo4j
neo4j2502,DisposeMethod,Neo4j.Driver.Tests.DisposeMethod,neo4j2448,neo4j
neo4j2507,NumberOfInUseConnections,Neo4j.Driver.Tests.NumberOfInUseConnections,neo4j2448,neo4j
neo4j2512,PoolSize,Neo4j.Driver.Tests.PoolSize,neo4j2448,neo4j
neo4j2520,PoolState,Neo4j.Driver.Tests.PoolState,neo4j2448,neo4j
neo4j2536,DeactivateMethod,Neo4j.Driver.Tests.DeactivateMethod,neo4j2448,neo4j
neo4j2548,TestConnectionValidator,Neo4j.Driver.Tests.TestConnectionValidator,neo4j2448,neo4j
neo4j2552,MockedConnectionFactory,Neo4j.Driver.Tests.MockedConnectionFactory,neo4j2448,neo4j
neo4j2554,ConnectionPoolTests,Neo4j.Driver.Tests.ConnectionPoolTests,neo4j2448,neo4j
neo4j2563,ConnectionValidatorTests,Neo4j.Driver.Tests.ConnectionValidatorTests,neo4j2448,neo4j
neo4j2565,IsConnectionReusableTests,Neo4j.Driver.Tests.IsConnectionReusableTests,neo4j2448,neo4j
neo4j2569,IsValidMethod,Neo4j.Driver.Tests.IsValidMethod,neo4j2448,neo4j
neo4j2575,Constructor,Neo4j.Driver.Tests.Constructor,neo4j2448,neo4j
neo4j2577,TraceMethod,Neo4j.Driver.Tests.TraceMethod,neo4j2448,neo4j
neo4j2580,LogMethod,Neo4j.Driver.Tests.LogMethod,neo4j2448,neo4j
neo4j2582,DriverTests,Neo4j.Driver.Tests.DriverTests,neo4j2448,neo4j
neo4j2593,NodeTests,Neo4j.Driver.Tests.NodeTests,neo4j2448,neo4j
neo4j2595,RelationshipTests,Neo4j.Driver.Tests.RelationshipTests,neo4j2448,neo4j
neo4j2597,PathTests,Neo4j.Driver.Tests.PathTests,neo4j2448,neo4j
neo4j2599,RetryLogicTests,Neo4j.Driver.Tests.RetryLogicTests,neo4j2448,neo4j
neo4j2605,SessionTests,Neo4j.Driver.Tests.SessionTests,neo4j2448,neo4j
neo4j2608,RunMethod,Neo4j.Driver.Tests.RunMethod,neo4j2448,neo4j
neo4j2611,RunAsyncMethod,Neo4j.Driver.Tests.RunAsyncMethod,neo4j2448,neo4j
neo4j2614,BeginTransactionMethod,Neo4j.Driver.Tests.BeginTransactionMethod,neo4j2448,neo4j
neo4j2626,BeginTransactionAsyncMethod,Neo4j.Driver.Tests.BeginTransactionAsyncMethod,neo4j2448,neo4j
neo4j2639,DisposeMethodOnAsync,Neo4j.Driver.Tests.DisposeMethodOnAsync,neo4j2448,neo4j
neo4j2645,TestConnectionProvider,Neo4j.Driver.Tests.TestConnectionProvider,neo4j2448,neo4j
neo4j2651,SingleAsyncMethod,Neo4j.Driver.Tests.SingleAsyncMethod,neo4j2448,neo4j
neo4j2656,ToListAsyncMethod,Neo4j.Driver.Tests.ToListAsyncMethod,neo4j2448,neo4j
neo4j2660,ForEachAsyncMethod,Neo4j.Driver.Tests.ForEachAsyncMethod,neo4j2448,neo4j
neo4j2663,MyStatementRunner,Neo4j.Driver.Tests.MyStatementRunner,neo4j2448,neo4j
neo4j2666,RunStatementMethod,Neo4j.Driver.Tests.RunStatementMethod,neo4j2448,neo4j
neo4j2669,TransactionTests,Neo4j.Driver.Tests.TransactionTests,neo4j2448,neo4j
neo4j2675,SyncBookmarkMethod,Neo4j.Driver.Tests.SyncBookmarkMethod,neo4j2448,neo4j
neo4j2689,CloseAsyncMethod,Neo4j.Driver.Tests.CloseAsyncMethod,neo4j2448,neo4j
neo4j2694,MarkToClosedMethod,Neo4j.Driver.Tests.MarkToClosedMethod,neo4j2448,neo4j
neo4j2697,AsPrimaryTypeMethod,Neo4j.Driver.Tests.AsPrimaryTypeMethod,neo4j2448,neo4j
neo4j2709,AsMethodWithError,Neo4j.Driver.Tests.AsMethodWithError,neo4j2448,neo4j
neo4j2712,AsCollectionTypeMethod,Neo4j.Driver.Tests.AsCollectionTypeMethod,neo4j2448,neo4j
neo4j2716,AsBoltStructTypeMethod,Neo4j.Driver.Tests.AsBoltStructTypeMethod,neo4j2448,neo4j
neo4j2721,CachingResolverTests,Neo4j.Driver.Tests.Connector.CachingResolverTests,neo4j2720,neo4j
neo4j2730,DefaultResolverTests,Neo4j.Driver.Tests.Connector.DefaultResolverTests,neo4j2720,neo4j
neo4j2747,TestDelegatedConnection,Neo4j.Driver.Tests.Connector.TestDelegatedConnection,neo4j2720,neo4j
neo4j2750,TaskWithErrorHandlingMethod,Neo4j.Driver.Tests.Connector.TaskWithErrorHandlingMethod,neo4j2720,neo4j
neo4j2755,EncryptionManagerTests,Neo4j.Driver.Tests.Connector.EncryptionManagerTests,neo4j2720,neo4j
neo4j2760,CustomTrustManager,Neo4j.Driver.Tests.Connector.CustomTrustManager,neo4j2720,neo4j
neo4j2762,HandleRecordMessageMethod,Neo4j.Driver.Tests.HandleRecordMessageMethod,neo4j2448,neo4j
neo4j2766,HandleSuccessMessageMethod,Neo4j.Driver.Tests.HandleSuccessMessageMethod,neo4j2448,neo4j
neo4j2773,HandleIgnoredMessageMethod,Neo4j.Driver.Tests.HandleIgnoredMessageMethod,neo4j2448,neo4j
neo4j2778,HandleFailureMessageMethod,Neo4j.Driver.Tests.HandleFailureMessageMethod,neo4j2448,neo4j
neo4j2788,EnqueueMessageMethod,Neo4j.Driver.Tests.EnqueueMessageMethod,neo4j2448,neo4j
neo4j2791,MockedMessagingClient,Neo4j.Driver.Tests.Routing.MockedMessagingClient,neo4j2790,neo4j
neo4j2800,HasUnrecoverableError,Neo4j.Driver.Tests.Connector.HasUnrecoverableError,neo4j2720,neo4j
neo4j2804,IsOpenMethod,Neo4j.Driver.Tests.Connector.IsOpenMethod,neo4j2720,neo4j
neo4j2808,StartMethod,Neo4j.Driver.Tests.StartMethod,neo4j2448,neo4j
neo4j2811,SendMethod,Neo4j.Driver.Tests.SendMethod,neo4j2448,neo4j
neo4j2816,ReceiveOneMethod,Neo4j.Driver.Tests.ReceiveOneMethod,neo4j2448,neo4j
neo4j2823,DisposeAndStopMethods,Neo4j.Driver.Tests.DisposeAndStopMethods,neo4j2448,neo4j
neo4j2827,SocketConnectionTests,Neo4j.Driver.Tests.SocketConnectionTests,neo4j2448,neo4j
neo4j2829,Construction,Neo4j.Driver.Tests.Construction,neo4j2448,neo4j
neo4j2833,InitMethod,Neo4j.Driver.Tests.InitMethod,neo4j2448,neo4j
neo4j2838,SyncMethod,Neo4j.Driver.Tests.SyncMethod,neo4j2448,neo4j
neo4j2845,ResetMethod,Neo4j.Driver.Tests.ResetMethod,neo4j2448,neo4j
neo4j2847,ReadMethod,Neo4j.Driver.Tests.Connector.ReadMethod,neo4j2720,neo4j
neo4j2850,TcpSocketClientWithDisposeDetection,Neo4j.Driver.Tests.Connector.TcpSocketClientWithDisposeDetection,neo4j2720,neo4j
neo4j2853,ConnectSocketAsyncMethod,Neo4j.Driver.Tests.Connector.ConnectSocketAsyncMethod,neo4j2720,neo4j
neo4j2856,ConnectAsyncMethod,Neo4j.Driver.Tests.Connector.ConnectAsyncMethod,neo4j2720,neo4j
neo4j2859,CertificateTrustManagerTests,Neo4j.Driver.Tests.Connector.Trust.CertificateTrustManagerTests,neo4j2858,neo4j
neo4j2865,InsecureTrustManagerTests,Neo4j.Driver.Tests.Connector.Trust.InsecureTrustManagerTests,neo4j2858,neo4j
neo4j2870,BoltWriterTest,Neo4j.Driver.Tests.IO.BoltWriterTest,neo4j2869,neo4j
neo4j2893,ChunkReaderTests,Neo4j.Driver.Tests.IO.ChunkReaderTests,neo4j2869,neo4j
neo4j2921,ChunkWriterTests,Neo4j.Driver.Tests.IO.ChunkWriterTests,neo4j2869,neo4j
neo4j2937,Base,Neo4j.Driver.Tests.IO.Base,neo4j2869,neo4j
neo4j2942,StructTypeStructHandler,Neo4j.Driver.Tests.IO.StructTypeStructHandler,neo4j2869,neo4j
neo4j2945,V1,Neo4j.Driver.Tests.IO.V1,neo4j2869,neo4j
neo4j2948,V1NoByteArray,Neo4j.Driver.Tests.IO.V1NoByteArray,neo4j2869,neo4j
neo4j2957,V2,Neo4j.Driver.Tests.IO.V2,neo4j2869,neo4j
neo4j2960,PackStreamTestSpecs,Neo4j.Driver.Tests.IO.PackStreamTestSpecs,neo4j2869,neo4j
neo4j3008,AckFailureMessageHandlerTests,Neo4j.Driver.Tests.IO.StructHandlers.AckFailureMessageHandlerTests,neo4j3007,neo4j
neo4j3011,DiscardAllMessageHandlerTests,Neo4j.Driver.Tests.IO.StructHandlers.DiscardAllMessageHandlerTests,neo4j3007,neo4j
neo4j3014,FailureMessageHandlerTests,Neo4j.Driver.Tests.IO.StructHandlers.FailureMessageHandlerTests,neo4j3007,neo4j
neo4j3017,IgnoredMessageHandlerTests,Neo4j.Driver.Tests.IO.StructHandlers.IgnoredMessageHandlerTests,neo4j3007,neo4j
neo4j3020,InitMessageHandlerTests,Neo4j.Driver.Tests.IO.StructHandlers.InitMessageHandlerTests,neo4j3007,neo4j
neo4j3024,NodeHandlerTests,Neo4j.Driver.Tests.IO.StructHandlers.NodeHandlerTests,neo4j3007,neo4j
neo4j3031,PathHandlerTests,Neo4j.Driver.Tests.IO.StructHandlers.PathHandlerTests,neo4j3007,neo4j
neo4j3044,PointHandlerTests,Neo4j.Driver.Tests.IO.StructHandlers.PointHandlerTests,neo4j3007,neo4j
neo4j3049,PullAllMessageHandlerTests,Neo4j.Driver.Tests.IO.StructHandlers.PullAllMessageHandlerTests,neo4j3007,neo4j
neo4j3052,RecordMessageHandlerTests,Neo4j.Driver.Tests.IO.StructHandlers.RecordMessageHandlerTests,neo4j3007,neo4j
neo4j3055,RelationshipHandlerTests,Neo4j.Driver.Tests.IO.StructHandlers.RelationshipHandlerTests,neo4j3007,neo4j
neo4j3062,ResetMessageHandlerTests,Neo4j.Driver.Tests.IO.StructHandlers.ResetMessageHandlerTests,neo4j3007,neo4j
neo4j3065,RunMessageHandlerTests,Neo4j.Driver.Tests.IO.StructHandlers.RunMessageHandlerTests,neo4j3007,neo4j
neo4j3069,StructHandlerTests,Neo4j.Driver.Tests.IO.StructHandlers.StructHandlerTests,neo4j3007,neo4j
neo4j3072,SuccessMessageHandlerTests,Neo4j.Driver.Tests.IO.StructHandlers.SuccessMessageHandlerTests,neo4j3007,neo4j
neo4j3075,UnboundRelationshipHandlerTests,Neo4j.Driver.Tests.IO.StructHandlers.UnboundRelationshipHandlerTests,neo4j3007,neo4j
neo4j3082,DurationHandlerTests,Neo4j.Driver.Tests.IO.StructHandlers.DurationHandlerTests,neo4j3007,neo4j
neo4j3085,LocalDateHandlerTests,Neo4j.Driver.Tests.IO.StructHandlers.LocalDateHandlerTests,neo4j3007,neo4j
neo4j3088,LocalDateTimeHandlerTests,Neo4j.Driver.Tests.IO.StructHandlers.LocalDateTimeHandlerTests,neo4j3007,neo4j
neo4j3091,LocalTimeHandlerTests,Neo4j.Driver.Tests.IO.StructHandlers.LocalTimeHandlerTests,neo4j3007,neo4j
neo4j3094,OffsetTimeHandlerTests,Neo4j.Driver.Tests.IO.StructHandlers.OffsetTimeHandlerTests,neo4j3007,neo4j
neo4j3097,SystemDateTimeHandlerTests,Neo4j.Driver.Tests.IO.StructHandlers.SystemDateTimeHandlerTests,neo4j3007,neo4j
neo4j3101,SystemDateTimeOffsetHandlerTests,Neo4j.Driver.Tests.IO.StructHandlers.SystemDateTimeOffsetHandlerTests,neo4j3007,neo4j
neo4j3103,SystemTimeSpanHandlerTests,Neo4j.Driver.Tests.IO.StructHandlers.SystemTimeSpanHandlerTests,neo4j3007,neo4j
neo4j3107,ZonedDateTimeHandlerTests,Neo4j.Driver.Tests.IO.StructHandlers.ZonedDateTimeHandlerTests,neo4j3007,neo4j
neo4j3113,PackStreamWriterMachine,Neo4j.Driver.Tests.IO.Utils.PackStreamWriterMachine,neo4j3112,neo4j
neo4j3117,PackStreamReaderMachine,Neo4j.Driver.Tests.IO.Utils.PackStreamReaderMachine,neo4j3112,neo4j
neo4j3123,AsyncTestStream,Neo4j.Driver.Tests.IO.Utils.AsyncTestStream,neo4j3112,neo4j
neo4j3139,MessageToStringMethod,Neo4j.Driver.Tests.MessageToStringMethod,neo4j2448,neo4j
neo4j3142,HistogramTests,Neo4j.Driver.Tests.Metrics.HistogramTests,neo4j3141,neo4j
neo4j3148,HistogramSnapshotTests,Neo4j.Driver.Tests.Metrics.HistogramSnapshotTests,neo4j3141,neo4j
neo4j3151,CreateMethod,Neo4j.Driver.Tests.Connector.CreateMethod,neo4j2720,neo4j
neo4j3155,ListBasedRecordSet,Neo4j.Driver.Tests.ListBasedRecordSet,neo4j2448,neo4j
neo4j3159,RecordCreator,Neo4j.Driver.Tests.RecordCreator,neo4j2448,neo4j
neo4j3162,RecordMethod,Neo4j.Driver.Tests.RecordMethod,neo4j2448,neo4j
neo4j3165,PeekMethod,Neo4j.Driver.Tests.PeekMethod,neo4j2448,neo4j
neo4j3170,RecordNavigation,Neo4j.Driver.Tests.RecordNavigation,neo4j2448,neo4j
neo4j3177,ResultBuilderTests,Neo4j.Driver.Tests.ResultBuilderTests,neo4j2448,neo4j
neo4j3180,CollectRecordMethod,Neo4j.Driver.Tests.CollectRecordMethod,neo4j2448,neo4j
neo4j3185,CollectFieldsMethod,Neo4j.Driver.Tests.CollectFieldsMethod,neo4j2448,neo4j
neo4j3190,ResultCursorBuilderTests,Neo4j.Driver.Tests.ResultCursorBuilderTests,neo4j2448,neo4j
neo4j3193,StatementResultCursorTests,Neo4j.Driver.Tests.StatementResultCursorTests,neo4j2448,neo4j
neo4j3195,ResultCursorCreator,Neo4j.Driver.Tests.ResultCursorCreator,neo4j2448,neo4j
neo4j3200,Keys,Neo4j.Driver.Tests.Keys,neo4j2448,neo4j
neo4j3202,ConsumeAsyncMethod,Neo4j.Driver.Tests.ConsumeAsyncMethod,neo4j2448,neo4j
neo4j3207,TestRecordYielder,Neo4j.Driver.Tests.TestRecordYielder,neo4j2448,neo4j
neo4j3210,StreamingRecords,Neo4j.Driver.Tests.StreamingRecords,neo4j2448,neo4j
neo4j3214,ResultNavigation,Neo4j.Driver.Tests.ResultNavigation,neo4j2448,neo4j
neo4j3216,SummaryAsyncMethod,Neo4j.Driver.Tests.SummaryAsyncMethod,neo4j2448,neo4j
neo4j3220,PeekAsyncMethod,Neo4j.Driver.Tests.PeekAsyncMethod,neo4j2448,neo4j
neo4j3225,FetchAsyncMethod,Neo4j.Driver.Tests.FetchAsyncMethod,neo4j2448,neo4j
neo4j3227,CurrentProperty,Neo4j.Driver.Tests.CurrentProperty,neo4j2448,neo4j
neo4j3240,ResultCreator,Neo4j.Driver.Tests.ResultCreator,neo4j2448,neo4j
neo4j3242,ConsumeMethod,Neo4j.Driver.Tests.ConsumeMethod,neo4j2448,neo4j
neo4j3247,FuncBasedRecordSet,Neo4j.Driver.Tests.FuncBasedRecordSet,neo4j2448,neo4j
neo4j3251,SummaryProperty,Neo4j.Driver.Tests.SummaryProperty,neo4j2448,neo4j
neo4j3255,StatementResultTests,Neo4j.Driver.Tests.StatementResultTests,neo4j2448,neo4j
neo4j3262,SummaryBuilderTests,Neo4j.Driver.Tests.SummaryBuilderTests,neo4j2448,neo4j
neo4j3264,SummaryCollectorTests,Neo4j.Driver.Tests.SummaryCollectorTests,neo4j2448,neo4j
neo4j3266,CollectWithFileds,Neo4j.Driver.Tests.CollectWithFileds,neo4j2448,neo4j
neo4j3268,CollectMethod,Neo4j.Driver.Tests.CollectMethod,neo4j2448,neo4j
neo4j3270,BuildMethod,Neo4j.Driver.Tests.BuildMethod,neo4j2448,neo4j
neo4j3272,TypeMeta,Neo4j.Driver.Tests.TypeMeta,neo4j2448,neo4j
neo4j3276,CountersMeta,Neo4j.Driver.Tests.CountersMeta,neo4j2448,neo4j
neo4j3279,PlanMeta,Neo4j.Driver.Tests.PlanMeta,neo4j2448,neo4j
neo4j3288,ProfileMeta,Neo4j.Driver.Tests.ProfileMeta,neo4j2448,neo4j
neo4j3299,NotificationsMeta,Neo4j.Driver.Tests.NotificationsMeta,neo4j2448,neo4j
neo4j3303,ResultAvailableAndConsumedAfterMethod,Neo4j.Driver.Tests.ResultAvailableAndConsumedAfterMethod,neo4j2448,neo4j
neo4j3306,AddMethod,Neo4j.Driver.Tests.Routing.AddMethod,neo4j2790,neo4j
neo4j3309,RemoveMethod,Neo4j.Driver.Tests.Routing.RemoveMethod,neo4j2790,neo4j
neo4j3312,ClearMethod,Neo4j.Driver.Tests.Routing.ClearMethod,neo4j2790,neo4j
neo4j3314,SnapshotMethod,Neo4j.Driver.Tests.Routing.SnapshotMethod,neo4j2790,neo4j
neo4j3318,ConcurrentAccessTests,Neo4j.Driver.Tests.Routing.ConcurrentAccessTests,neo4j2790,neo4j
neo4j3321,Constructor,Neo4j.Driver.Tests.Routing.Constructor,neo4j2790,neo4j
neo4j3323,AcquireMethod,Neo4j.Driver.Tests.Routing.AcquireMethod,neo4j2790,neo4j
neo4j3327,UpdateMethod,Neo4j.Driver.Tests.Routing.UpdateMethod,neo4j2790,neo4j
neo4j3334,DeactivateMethod,Neo4j.Driver.Tests.Routing.DeactivateMethod,neo4j2790,neo4j
neo4j3337,DisposeMethod,Neo4j.Driver.Tests.Routing.DisposeMethod,neo4j2790,neo4j
neo4j3339,NumberOfInUseConnectionsMethod,Neo4j.Driver.Tests.Routing.NumberOfInUseConnectionsMethod,neo4j2790,neo4j
neo4j3342,MockedPoolFactory,Neo4j.Driver.Tests.Routing.MockedPoolFactory,neo4j2790,neo4j
neo4j3344,ClusterConnectionPoolTests,Neo4j.Driver.Tests.Routing.ClusterConnectionPoolTests,neo4j2790,neo4j
neo4j3347,OnErrorMethod,Neo4j.Driver.Tests.Routing.OnErrorMethod,neo4j2790,neo4j
neo4j3353,ClusterDiscoveryManagerTests,Neo4j.Driver.Tests.Routing.ClusterDiscoveryManagerTests,neo4j2790,neo4j
neo4j3357,RediscoveryMethod,Neo4j.Driver.Tests.Routing.RediscoveryMethod,neo4j2790,neo4j
neo4j3366,BoltRoutingUriMethod,Neo4j.Driver.Tests.Routing.BoltRoutingUriMethod,neo4j2790,neo4j
neo4j3372,LeastConnectedLoadBalancingStrategyTests,Neo4j.Driver.Tests.Routing.LeastConnectedLoadBalancingStrategyTests,neo4j2790,neo4j
neo4j3384,OnConnectionErrorMethod,Neo4j.Driver.Tests.Routing.OnConnectionErrorMethod,neo4j2790,neo4j
neo4j3386,OnWriteErrorMethod,Neo4j.Driver.Tests.Routing.OnWriteErrorMethod,neo4j2790,neo4j
neo4j3395,RoundRobinArrayIndexTests,Neo4j.Driver.Tests.Routing.RoundRobinArrayIndexTests,neo4j2790,neo4j
neo4j3399,RoundRobinLoadBalancingStrategyTests,Neo4j.Driver.Tests.Routing.RoundRobinLoadBalancingStrategyTests,neo4j2790,neo4j
neo4j3407,RoutingTableManagerTests,Neo4j.Driver.Tests.Routing.RoutingTableManagerTests,neo4j2790,neo4j
neo4j3411,UpdateRoutingTableWithInitialUriFallbackMethod,Neo4j.Driver.Tests.Routing.UpdateRoutingTableWithInitialUriFallbackMethod,neo4j2790,neo4j
neo4j3415,UpdateRoutingTableMethod,Neo4j.Driver.Tests.Routing.UpdateRoutingTableMethod,neo4j2790,neo4j
neo4j3423,RoutingTableTests,Neo4j.Driver.Tests.Routing.RoutingTableTests,neo4j2790,neo4j
neo4j3425,IsStaleMethod,Neo4j.Driver.Tests.Routing.IsStaleMethod,neo4j2790,neo4j
neo4j3428,PrependRouterMethod,Neo4j.Driver.Tests.Routing.PrependRouterMethod,neo4j2790,neo4j
neo4j3430,ServerVersionTests,Neo4j.Driver.Tests.Routing.ServerVersionTests,neo4j2790,neo4j
neo4j3436,TimeZoneMappingTests,Neo4j.Driver.Tests.Temporal.TimeZoneMappingTests,neo4j3435,neo4j
neo4j3443,Assertions,Neo4j.Driver.Tests.Assertions,neo4j2448,neo4j
neo4j3446,ToContentString,Neo4j.Driver.Tests.TestUtil.ToContentString,neo4j3445,neo4j
neo4j3449,GetValueMethod,Neo4j.Driver.Tests.TestUtil.GetValueMethod,neo4j3445,neo4j
neo4j3456,ToDictionaryMethod,Neo4j.Driver.Tests.TestUtil.ToDictionaryMethod,neo4j3445,neo4j
neo4j3472,MyCollection,Neo4j.Driver.Tests.TestUtil.MyCollection,neo4j3445,neo4j
neo4j3474,CollectionExtensionsTests,Neo4j.Driver.Tests.TestUtil.CollectionExtensionsTests,neo4j3445,neo4j
neo4j3477,ParseRoutingContextMethod,Neo4j.Driver.Tests.ParseRoutingContextMethod,neo4j2448,neo4j
neo4j3483,TcpSocketClientTestSetup,Neo4j.Driver.Tests.TcpSocketClientTestSetup,neo4j2448,neo4j
neo4j3486,TrustManagerHandshaker,Neo4j.Driver.Tests.Connector.Trust.TrustManagerHandshaker,neo4j2858,neo4j
neo4j3495,X509TestUtils,Neo4j.Driver.Tests.TestUtil.X509TestUtils,neo4j3445,neo4j
neo4j3502,DurationTests,Neo4j.Driver.Tests.Types.DurationTests,neo4j3501,neo4j
neo4j3524,LocalDateTests,Neo4j.Driver.Tests.Types.LocalDateTests,neo4j3501,neo4j
neo4j3546,LocalDateTimeTests,Neo4j.Driver.Tests.Types.LocalDateTimeTests,neo4j3501,neo4j
neo4j3574,LocalTimeTests,Neo4j.Driver.Tests.Types.LocalTimeTests,neo4j3501,neo4j
neo4j3598,OffsetTimeTests,Neo4j.Driver.Tests.Types.OffsetTimeTests,neo4j3501,neo4j
neo4j3624,PointTests,Neo4j.Driver.Tests.Types.PointTests,neo4j3501,neo4j
neo4j3644,ZonedDateTimeWithOffsetTests,Neo4j.Driver.Tests.Types.ZonedDateTimeWithOffsetTests,neo4j3501,neo4j
neo4j3678,ZonedDateTimeWithZoneIdTests,Neo4j.Driver.Tests.Types.ZonedDateTimeWithZoneIdTests,neo4j3501,neo4j
neo4j3711,String,System.String,neo4j3710,neo4j
neo4j3713,Convert,System.Convert,neo4j3710,neo4j
neo4j3716,BufferSettings,Neo4j.Driver.Internal.BufferSettings,neo4j2,neo4j
neo4j3720,ConcurrentDictionary,System.Collections.Concurrent.ConcurrentDictionary,neo4j3719,neo4j
neo4j3724,IEnumerable,System.Collections.Generic.IEnumerable,neo4j3723,neo4j
neo4j3731,Interlocked,System.Threading.Interlocked,neo4j3730,neo4j
neo4j3737,Task,System.Threading.Tasks.Task,neo4j3736,neo4j
neo4j3741,CancellationToken,System.Threading.CancellationToken,neo4j3730,neo4j
neo4j3744,CancellationTokenSource,System.Threading.CancellationTokenSource,neo4j3730,neo4j
neo4j3747,List,System.Collections.Generic.List,neo4j3723,neo4j
neo4j3752,Action,System.Action,neo4j3710,neo4j
neo4j3754,Object,System.Object,neo4j3710,neo4j
neo4j3756,GC,System.GC,neo4j3710,neo4j
neo4j3761,Func,System.Func,neo4j3710,neo4j
neo4j3764,TimeSpan,System.TimeSpan,neo4j3710,neo4j
neo4j3766,Thread,System.Threading.Thread,neo4j3730,neo4j
neo4j3768,Random,System.Random,neo4j3710,neo4j
neo4j3770,Guid,System.Guid,neo4j3710,neo4j
neo4j3773,RoutingSettings,Neo4j.Driver.Internal.RoutingSettings,neo4j2,neo4j
neo4j3779,IDictionary,System.Collections.Generic.IDictionary,neo4j3723,neo4j
neo4j3783,Exception,System.Exception,neo4j3710,neo4j
neo4j3786,TaskCompletionSource,System.Threading.Tasks.TaskCompletionSource,neo4j3736,neo4j
neo4j3788,AggregateException,System.AggregateException,neo4j3710,neo4j
neo4j3794,Stream,System.IO.Stream,neo4j3793,neo4j
neo4j3803,SemaphoreSlim,System.Threading.SemaphoreSlim,neo4j3730,neo4j
neo4j3812,TypeInfo,System.Reflection.TypeInfo,neo4j3811,neo4j
neo4j3814,MethodBase,System.Reflection.MethodBase,neo4j3811,neo4j
neo4j3817,Array,System.Array,neo4j3710,neo4j
neo4j3819,BitConverter,System.BitConverter,neo4j3710,neo4j
neo4j3823,PropertyInfo,System.Reflection.PropertyInfo,neo4j3811,neo4j
neo4j3826,Type,System.Type,neo4j3710,neo4j
neo4j3829,Dictionary,System.Collections.Generic.Dictionary,neo4j3723,neo4j
neo4j3839,X509Certificate,System.Security.Cryptography.X509Certificates.X509Certificate,neo4j3838,neo4j
neo4j3842,Math,System.Math,neo4j3710,neo4j
neo4j3848,MemoryStream,System.IO.MemoryStream,neo4j3793,neo4j
neo4j3865,Encoding,System.Text.Encoding,neo4j3864,neo4j
neo4j3880,IList,System.Collections.IList,neo4j3718,neo4j
neo4j3883,Char,System.Char,neo4j3710,neo4j
neo4j3887,BoltProtocolV1PackStreamFactory,Neo4j.Driver.Internal.Protocol.BoltProtocolV1PackStreamFactory,neo4j957,neo4j
neo4j3889,BoltProtocolV2PackStreamFactory,Neo4j.Driver.Internal.Protocol.BoltProtocolV2PackStreamFactory,neo4j957,neo4j
neo4j3891,Record,Neo4j.Driver.Internal.Result.Record,neo4j991,neo4j
neo4j3902,ICollection,System.Collections.Generic.ICollection,neo4j3723,neo4j
neo4j3912,Enum,System.Enum,neo4j3710,neo4j
neo4j3916,Assembly,System.Reflection.Assembly,neo4j3811,neo4j
neo4j3918,TimeZoneInfo,System.TimeZoneInfo,neo4j3710,neo4j
neo4j3924,Int64,System.Int64,neo4j3710,neo4j
neo4j3933,Nullable,System.Nullable,neo4j3710,neo4j
neo4j3945,Activator,System.Activator,neo4j3710,neo4j
neo4j3948,IDictionary,System.Collections.IDictionary,neo4j3718,neo4j
neo4j3950,IEnumerator,System.Collections.IEnumerator,neo4j3718,neo4j
neo4j3953,MethodInfo,System.Reflection.MethodInfo,neo4j3811,neo4j
neo4j3958,Int32,System.Int32,neo4j3710,neo4j
neo4j3961,DateTime,System.DateTime,neo4j3710,neo4j
neo4j3968,Double,System.Double,neo4j3710,neo4j
neo4j3971,IComparable,System.IComparable,neo4j3710,neo4j
neo4j3982,IDisposable,System.IDisposable,neo4j3710,neo4j
neo4j3986,Console,System.Console,neo4j3710,neo4j
neo4j3991,TaskFactory,System.Threading.Tasks.TaskFactory,neo4j3736,neo4j
neo4j3993,Parallel,System.Threading.Tasks.Parallel,neo4j3736,neo4j
neo4j3997,Environment,System.Environment,neo4j3710,neo4j
neo4j3999,Path,System.IO.Path,neo4j3793,neo4j
neo4j4004,File,System.IO.File,neo4j3793,neo4j
neo4j4008,RequireBoltStubServerFactAttribute,Neo4j.Driver.IntegrationTests.RequireBoltStubServerFactAttribute,neo4j1541,neo4j
neo4j4010,RequireServerVersionGreaterThanOrEqualToFact,Neo4j.Driver.IntegrationTests.RequireServerVersionGreaterThanOrEqualToFact,neo4j1541,neo4j
neo4j4012,RequireServerVersionLessThanFact,Neo4j.Driver.IntegrationTests.RequireServerVersionLessThanFact,neo4j1541,neo4j
neo4j4014,RequireServerFactAttribute,Neo4j.Driver.IntegrationTests.RequireServerFactAttribute,neo4j1541,neo4j
neo4j4016,RequireServerTheoryAttribute,Neo4j.Driver.IntegrationTests.RequireServerTheoryAttribute,neo4j1541,neo4j
neo4j4018,RequireClusterFactAttribute,Neo4j.Driver.IntegrationTests.RequireClusterFactAttribute,neo4j1541,neo4j
neo4j4020,RequireClusterTheoryAttribute,Neo4j.Driver.IntegrationTests.RequireClusterTheoryAttribute,neo4j1541,neo4j
neo4j4026,Directory,System.IO.Directory,neo4j3793,neo4j
neo4j4033,StreamReader,System.IO.StreamReader,neo4j3793,neo4j
neo4j4035,TextWriter,System.IO.TextWriter,neo4j3793,neo4j
neo4j4044,ConcurrentQueue,System.Collections.Concurrent.ConcurrentQueue,neo4j3719,neo4j
neo4j4060,StringWriter,System.IO.StringWriter,neo4j3793,neo4j
neo4j4065,IReadOnlyDictionary,System.Collections.Generic.IReadOnlyDictionary,neo4j3723,neo4j
neo4j4084,MonoFactAttribute,Neo4j.Driver.Tests.TestUtil.MonoFactAttribute,neo4j3445,neo4j
neo4j4087,MonoTheoryAttribute,Neo4j.Driver.Tests.TestUtil.MonoTheoryAttribute,neo4j3445,neo4j
neo4j4089,DotnetCoreFactAttribute,Neo4j.Driver.Tests.TestUtil.DotnetCoreFactAttribute,neo4j3445,neo4j
neo4j4091,DotnetCoreTheoryAttribute,Neo4j.Driver.Tests.TestUtil.DotnetCoreTheoryAttribute,neo4j3445,neo4j
neo4j4102,CountdownEvent,System.Threading.CountdownEvent,neo4j3730,neo4j
