neo4j0,Neo4j,Neo4j,neo4j
neo4j1,Driver,Neo4j.Driver,neo4j
neo4j2,Internal,Neo4j.Driver.Internal,neo4j
neo4j235,Connector,Neo4j.Driver.Internal.Connector,neo4j
neo4j420,Trust,Neo4j.Driver.Internal.Connector.Trust,neo4j
neo4j557,IO,Neo4j.Driver.Internal.IO,neo4j
neo4j814,StructHandlers,Neo4j.Driver.Internal.IO.StructHandlers,neo4j
neo4j893,Messaging,Neo4j.Driver.Internal.Messaging,neo4j
neo4j926,Metrics,Neo4j.Driver.Internal.Metrics,neo4j
neo4j957,Protocol,Neo4j.Driver.Internal.Protocol,neo4j
neo4j991,Result,Neo4j.Driver.Internal.Result,neo4j
neo4j1111,Routing,Neo4j.Driver.Internal.Routing,neo4j
neo4j1306,Temporal,Neo4j.Driver.Internal.Temporal,neo4j
neo4j1318,Types,Neo4j.Driver.Internal.Types,neo4j
neo4j1333,V1,Neo4j.Driver.V1,neo4j
neo4j1541,IntegrationTests,Neo4j.Driver.IntegrationTests,neo4j
neo4j1732,DirectDriver,Neo4j.Driver.IntegrationTests.DirectDriver,neo4j
neo4j1798,Internals,Neo4j.Driver.IntegrationTests.Internals,neo4j
neo4j1957,Types,Neo4j.Driver.IntegrationTests.Types,neo4j
neo4j1546,Examples,Neo4j.Driver.Examples,neo4j
neo4j1637,ExamplesAsync,Neo4j.Driver.ExamplesAsync,neo4j
neo4j2099,Tck,Neo4j.Driver.Tck,neo4j
neo4j2100,Tests,Neo4j.Driver.Tck.Tests,neo4j
neo4j2101,TCK,Neo4j.Driver.Tck.Tests.TCK,neo4j
neo4j2448,Tests,Neo4j.Driver.Tests,neo4j
neo4j2720,Connector,Neo4j.Driver.Tests.Connector,neo4j
neo4j2858,Trust,Neo4j.Driver.Tests.Connector.Trust,neo4j
neo4j2790,Routing,Neo4j.Driver.Tests.Routing,neo4j
neo4j2869,IO,Neo4j.Driver.Tests.IO,neo4j
neo4j3007,StructHandlers,Neo4j.Driver.Tests.IO.StructHandlers,neo4j
neo4j3112,Utils,Neo4j.Driver.Tests.IO.Utils,neo4j
neo4j3141,Metrics,Neo4j.Driver.Tests.Metrics,neo4j
neo4j3435,Temporal,Neo4j.Driver.Tests.Temporal,neo4j
neo4j3445,TestUtil,Neo4j.Driver.Tests.TestUtil,neo4j
neo4j3501,Types,Neo4j.Driver.Tests.Types,neo4j
neo4j3710,System,System,neo4j
neo4j3718,Collections,System.Collections,neo4j
neo4j3719,Concurrent,System.Collections.Concurrent,neo4j
neo4j3723,Generic,System.Collections.Generic,neo4j
neo4j3730,Threading,System.Threading,neo4j
neo4j3736,Tasks,System.Threading.Tasks,neo4j
neo4j3793,IO,System.IO,neo4j
neo4j3811,Reflection,System.Reflection,neo4j
neo4j3836,Security,System.Security,neo4j
neo4j3837,Cryptography,System.Security.Cryptography,neo4j
neo4j3838,X509Certificates,System.Security.Cryptography.X509Certificates,neo4j
neo4j3864,Text,System.Text,neo4j
